Date,Gold Price/gram
01-01-13,53.879
02-01-13,54.217
03-01-13,53.491
04-01-13,53.242
07-01-13,52.956
08-01-13,53.386
09-01-13,53.308
10-01-13,53.848
11-01-13,53.442
14-01-13,53.63
15-01-13,54.009
16-01-13,54.019
17-01-13,54.249
18-01-13,54.18
21-01-13,54.346
22-01-13,54.398
23-01-13,54.165
24-01-13,53.617
25-01-13,53.328
28-01-13,53.211
29-01-13,53.494
30-01-13,53.911
31-01-13,53.494
01-02-13,53.604
04-02-13,53.845
05-02-13,53.794
06-02-13,53.938
07-02-13,53.711
08-02-13,53.615
11-02-13,53.007
12-02-13,53.107
13-02-13,52.823
14-02-13,52.556
15-02-13,51.757
18-02-13,51.746
19-02-13,51.595
20-02-13,50.297
21-02-13,50.693
22-02-13,50.83
25-02-13,51.231
26-02-13,51.899
27-02-13,51.341
28-02-13,50.78
01-03-13,50.687
04-03-13,50.641
05-03-13,50.642
06-03-13,50.941
07-03-13,50.756
08-03-13,50.769
11-03-13,50.86
12-03-13,51.215
13-03-13,51.045
14-03-13,51.124
15-03-13,51.21
18-03-13,51.611
19-03-13,51.841
20-03-13,51.639
21-03-13,51.907
22-03-13,51.731
25-03-13,51.611
26-03-13,51.44
27-03-13,51.597
28-03-13,51.332
01-04-13,51.334
02-04-13,51.409
03-04-13,50.676
04-04-13,50.084
05-04-13,49.95
08-04-13,50.837
09-04-13,50.574
10-04-13,50.978
11-04-13,50.138
12-04-13,50.181
15-04-13,47.609
16-04-13,43.469
17-04-13,44.017
18-04-13,44.283
19-04-13,44.731
22-04-13,45.133
23-04-13,45.871
24-04-13,45.447
25-04-13,46.039
26-04-13,47.179
29-04-13,46.997
30-04-13,47.467
29-03-13,47.481
01-05-13,46.877
02-05-13,47.179
03-05-13,47.282
06-05-13,47.264
07-05-13,46.706
08-05-13,47.394
09-05-13,46.876
10-05-13,46.571
13-05-13,45.998
14-05-13,45.827
15-05-13,44.777
16-05-13,44.57
17-05-13,43.71
20-05-13,44.823
21-05-13,44.237
22-05-13,44.052
23-05-13,44.732
24-05-13,44.581
27-05-13,44.844
28-05-13,44.392
29-05-13,44.808
30-05-13,45.449
31-05-13,44.62
03-06-13,45.362
04-06-13,45.013
05-06-13,45.1
06-06-13,45.455
07-06-13,44.473
10-06-13,44.583
11-06-13,44.321
12-06-13,44.653
13-06-13,44.562
14-06-13,44.712
17-06-13,44.518
18-06-13,43.979
19-06-13,43.454
20-06-13,41.081
21-06-13,41.681
24-06-13,41.24
25-06-13,41.079
26-06-13,39.404
27-06-13,38.602
28-06-13,39.692
01-07-13,40.288
02-07-13,39.963
03-07-13,40.288
04-07-13,40.193
05-07-13,39.33
08-07-13,39.767
09-07-13,40.214
10-07-13,40.627
11-07-13,41.334
12-07-13,41.333
15-07-13,41.265
16-07-13,41.523
17-07-13,40.982
18-07-13,41.29
19-07-13,41.676
22-07-13,42.944
23-07-13,43.305
24-07-13,42.487
25-07-13,42.894
26-07-13,42.865
29-07-13,42.683
30-07-13,42.648
31-07-13,42.575
01-08-13,42.109
02-08-13,42.18
05-08-13,41.907
06-08-13,41.242
07-08-13,41.396
08-08-13,42.22
09-08-13,42.261
12-08-13,42.984
13-08-13,42.48
14-08-13,42.962
15-08-13,43.933
16-08-13,44.265
19-08-13,43.908
20-08-13,44.092
21-08-13,43.94
22-08-13,44.249
23-08-13,44.937
26-08-13,45.178
27-08-13,45.522
28-08-13,45.591
29-08-13,45.245
30-08-13,44.858
02-09-13,44.751
03-09-13,45.425
04-09-13,44.695
05-09-13,43.966
06-09-13,44.753
09-09-13,44.579
10-09-13,43.834
11-09-13,43.913
12-09-13,42.489
13-09-13,42.646
16-09-13,42.24
17-09-13,42.114
18-09-13,43.869
19-09-13,43.897
20-09-13,42.638
23-09-13,42.415
24-09-13,42.54
25-09-13,42.865
26-09-13,42.558
27-09-13,42.978
30-09-13,42.7
01-10-13,41.39
02-10-13,42.307
03-10-13,42.347
04-10-13,42.147
07-10-13,42.51
08-10-13,42.452
09-10-13,41.983
10-10-13,41.364
11-10-13,40.905
14-10-13,40.868
15-10-13,41.192
16-10-13,41.234
17-10-13,42.433
18-10-13,42.329
21-10-13,42.323
22-10-13,43.092
23-10-13,42.87
24-10-13,43.292
25-10-13,43.427
28-10-13,43.492
29-10-13,43.22
30-10-13,43.159
31-10-13,42.518
01-11-13,42.316
04-11-13,42.257
05-11-13,42.163
06-11-13,42.364
07-11-13,41.983
08-11-13,41.428
11-11-13,41.22
12-11-13,40.706
13-11-13,41.226
14-11-13,41.392
15-11-13,41.483
18-11-13,41.021
19-11-13,41.001
20-11-13,39.956
21-11-13,39.943
22-11-13,39.99
25-11-13,40.24
26-11-13,39.939
27-11-13,39.788
28-11-13,39.949
29-11-13,40.301
02-12-13,39.198
03-12-13,39.359
04-12-13,39.971
05-12-13,39.388
06-12-13,39.516
09-12-13,39.879
10-12-13,40.57
11-12-13,40.259
12-12-13,39.391
13-12-13,39.825
16-12-13,39.898
17-12-13,39.59
18-12-13,39.208
19-12-13,38.198
20-12-13,38.683
23-12-13,38.533
24-12-13,38.738
25-12-13,38.745
26-12-13,38.931
27-12-13,38.999
30-12-13,38.478
31-12-13,38.771
02-01-14,39.317
03-01-14,39.774
06-01-14,39.794
07-01-14,39.607
08-01-14,39.42
09-01-14,39.467
10-01-14,40.135
13-01-14,40.281
14-01-14,40.044
15-01-14,39.926
16-01-14,39.946
17-01-14,40.504
20-01-14,40.305
21-01-14,39.876
22-01-14,39.767
23-01-14,40.649
24-01-14,40.842
27-01-14,40.4
28-01-14,40.376
29-01-14,40.765
30-01-14,39.979
31-01-14,40.009
03-02-14,40.423
04-02-14,40.334
05-02-14,40.439
06-02-14,40.434
07-02-14,40.744
10-02-14,40.982
11-02-14,41.51
12-02-14,41.529
13-02-14,41.881
14-02-14,42.393
17-02-14,42.722
18-02-14,42.492
19-02-14,42.151
20-02-14,42.526
21-02-14,42.577
24-02-14,42.969
25-02-14,43.114
26-02-14,42.75
27-02-14,42.812
28-02-14,42.651
03-03-14,43.412
04-03-14,42.897
05-03-14,42.974
06-03-14,43.414
07-03-14,43.089
10-03-14,43.077
11-03-14,43.371
12-03-14,43.948
13-03-14,44.061
14-03-14,44.467
17-03-14,43.955
18-03-14,43.566
19-03-14,42.763
20-03-14,42.687
21-03-14,42.904
24-03-14,42.07
25-03-14,42.152
26-03-14,41.937
27-03-14,41.508
28-03-14,41.645
31-03-14,41.287
01-04-14,41.119
02-04-14,41.474
03-04-14,41.351
04-04-14,41.909
07-04-14,41.694
08-04-14,42.054
09-04-14,42.196
10-04-14,42.378
11-04-14,42.375
14-04-14,42.655
15-04-14,41.874
16-04-14,41.869
17-04-14,41.638
21-04-14,41.485
22-04-14,41.266
23-04-14,41.28
24-04-14,41.596
25-04-14,41.895
28-04-14,41.676
29-04-14,41.667
30-04-14,41.506
01-05-14,41.3
02-05-14,41.786
05-05-14,42.105
06-05-14,42.045
07-05-14,41.472
08-05-14,41.468
09-05-14,41.433
12-05-14,41.653
13-05-14,41.609
14-05-14,41.975
15-05-14,41.681
16-05-14,41.589
19-05-14,41.564
20-05-14,41.61
21-05-14,41.543
22-05-14,41.6
23-05-14,41.559
26-05-14,41.544
27-05-14,40.629
28-05-14,40.47
29-05-14,40.364
30-05-14,40.176
02-06-14,39.978
03-06-14,40.023
04-06-14,39.988
05-06-14,40.295
06-06-14,40.288
09-06-14,40.254
10-06-14,40.518
11-06-14,40.532
12-06-14,40.932
13-06-14,41.049
16-06-14,40.887
17-06-14,40.887
18-06-14,41.083
19-06-14,42.455
20-06-14,42.272
23-06-14,42.375
24-06-14,42.391
25-06-14,42.398
26-06-14,42.347
27-06-14,42.317
30-06-14,42.67
01-07-14,42.646
02-07-14,42.665
03-07-14,42.426
04-07-14,42.469
07-07-14,42.438
08-07-14,42.433
09-07-14,42.663
10-07-14,42.929
11-07-14,43.037
14-07-14,42.032
15-07-14,41.606
16-07-14,41.789
17-07-14,42.382
18-07-14,42.149
21-07-14,42.187
22-07-14,42.043
23-07-14,41.937
24-07-14,41.598
25-07-14,42.02
28-07-14,41.934
29-07-14,41.761
30-07-14,41.665
31-07-14,41.219
01-08-14,41.596
04-08-14,41.42
05-08-14,41.435
06-08-14,41.979
07-08-14,42.217
08-08-14,42.106
11-08-14,42.063
12-08-14,42.08
13-08-14,42.204
14-08-14,42.203
15-08-14,41.947
18-08-14,41.709
19-08-14,41.646
20-08-14,41.528
21-08-14,41.043
22-08-14,41.189
25-08-14,41.045
26-08-14,41.172
27-08-14,41.244
28-08-14,41.45
29-08-14,41.391
01-09-14,41.391
02-09-14,40.706
03-09-14,40.813
04-09-14,40.55
05-09-14,40.793
08-09-14,40.374
09-09-14,40.384
10-09-14,40.17
11-09-14,39.887
12-09-14,39.535
15-09-14,39.632
16-09-14,39.706
17-09-14,39.334
18-09-14,39.389
19-09-14,39.084
22-09-14,39.062
23-09-14,39.317
24-09-14,39.127
25-09-14,39.287
26-09-14,39.169
29-09-14,39.067
30-09-14,38.868
01-10-14,39.005
02-10-14,39.047
03-10-14,38.307
06-10-14,38.811
07-10-14,38.864
08-10-14,39.277
09-10-14,39.35
10-10-14,39.326
13-10-14,39.764
14-10-14,39.62
15-10-14,39.901
16-10-14,39.837
17-10-14,39.812
20-10-14,40.087
21-10-14,40.17
22-10-14,39.9
23-10-14,39.626
24-10-14,39.579
26-10-14,39.579
27-10-14,39.407
28-10-14,39.49
29-10-14,38.967
30-10-14,38.557
31-10-14,37.711
03-11-14,37.49
04-11-14,37.571
05-11-14,36.665
06-11-14,36.719
07-11-14,37.867
10-11-14,37.047
11-11-14,37.424
12-11-14,37.381
13-11-14,37.376
14-11-14,38.219
17-11-14,38.172
18-11-14,38.498
19-11-14,38.034
20-11-14,38.41
21-11-14,38.627
24-11-14,38.543
25-11-14,38.626
26-11-14,38.539
27-11-14,38.394
28-11-14,37.523
01-12-14,38.948
02-12-14,38.52
03-12-14,38.88
04-12-14,38.767
05-12-14,38.334
08-12-14,38.688
09-12-14,39.594
10-12-14,39.39
11-12-14,39.455
12-12-14,39.309
15-12-14,38.367
16-12-14,38.43
17-12-14,38.231
18-12-14,38.53
19-12-14,38.449
22-12-14,37.84
23-12-14,37.849
24-12-14,37.784
25-12-14,37.716
26-12-14,38.444
29-12-14,38.044
30-12-14,38.591
31-12-14,38.039
01-01-15,38.095
02-01-15,38.219
05-01-15,38.742
06-01-15,39.191
07-01-15,38.944
08-01-15,38.865
09-01-15,39.32
11-01-15,39.357
12-01-15,39.636
13-01-15,39.605
14-01-15,39.535
15-01-15,40.612
16-01-15,41.026
19-01-15,41.053
20-01-15,41.609
21-01-15,41.575
22-01-15,41.87
23-01-15,41.612
26-01-15,41.197
27-01-15,41.56
28-01-15,41.262
29-01-15,40.452
30-01-15,41.272
02-02-15,40.983
03-02-15,40.529
04-02-15,40.808
05-02-15,40.667
06-02-15,39.672
09-02-15,39.833
10-02-15,39.661
11-02-15,39.163
12-02-15,39.176
13-02-15,39.509
16-02-15,39.579
17-02-15,38.872
18-02-15,38.999
19-02-15,38.787
20-02-15,38.664
23-02-15,38.637
24-02-15,38.615
25-02-15,38.707
26-02-15,38.876
27-02-15,39.025
02-03-15,38.796
03-03-15,38.717
04-03-15,38.611
05-03-15,38.356
06-03-15,37.575
09-03-15,37.53
10-03-15,37.417
11-03-15,37.113
12-03-15,37.092
13-03-15,37.253
16-03-15,37.121
17-03-15,36.951
18-03-15,37.528
19-03-15,37.69
20-03-15,38.024
23-03-15,38.314
24-03-15,38.295
25-03-15,38.457
26-03-15,38.727
27-03-15,38.558
29-03-15,38.469
30-03-15,38.12
31-03-15,38.049
01-04-15,38.716
02-04-15,38.637
03-04-15,38.933
06-04-15,39.054
07-04-15,38.857
08-04-15,38.671
09-04-15,38.421
10-04-15,38.835
13-04-15,38.544
14-04-15,38.341
15-04-15,38.648
16-04-15,38.537
17-04-15,38.725
20-04-15,38.295
21-04-15,38.667
22-04-15,38.173
23-04-15,38.39
24-04-15,37.918
27-04-15,38.648
28-04-15,38.97
29-04-15,38.732
30-04-15,38.076
01-05-15,37.89
04-05-15,38.202
05-05-15,38.362
06-05-15,38.317
07-05-15,38.079
08-05-15,38.22
11-05-15,38.069
12-05-15,38.374
13-05-15,39.075
14-05-15,39.268
15-05-15,39.363
18-05-15,39.411
19-05-15,38.846
20-05-15,38.895
21-05-15,38.788
22-05-15,38.779
25-05-15,38.812
26-05-15,38.173
27-05-15,38.2
28-05-15,38.21
29-05-15,38.281
01-06-15,38.237
02-06-15,38.37
03-06-15,38.113
04-06-15,37.828
05-06-15,37.685
08-06-15,37.745
09-06-15,37.832
10-06-15,38.126
11-06-15,38.012
12-06-15,37.988
15-06-15,38.144
16-06-15,37.998
17-06-15,38.113
18-06-15,38.638
19-06-15,38.596
22-06-15,38.113
23-06-15,37.882
24-06-15,37.787
25-06-15,37.724
26-06-15,37.764
29-06-15,37.949
30-06-15,37.7
01-07-15,37.573
02-07-15,37.493
03-07-15,37.568
06-07-15,37.621
07-07-15,37.129
08-07-15,37.237
09-07-15,37.284
10-07-15,37.416
13-07-15,37.231
14-07-15,37.15
15-07-15,36.962
16-07-15,36.818
17-07-15,36.469
20-07-15,35.268
21-07-15,35.412
22-07-15,35.181
23-07-15,35.07
24-07-15,35.334
27-07-15,35.189
28-07-15,35.216
29-07-15,35.472
30-07-15,34.949
31-07-15,35.19
03-08-15,34.932
04-08-15,34.962
05-08-15,34.89
06-08-15,35.025
07-08-15,35.18
10-08-15,35.511
11-08-15,35.655
12-08-15,36.181
13-08-15,35.85
14-08-15,35.84
17-08-15,35.934
18-08-15,35.945
19-08-15,36.474
20-08-15,37.091
21-08-15,37.316
24-08-15,37.136
25-08-15,36.676
26-08-15,36.183
27-08-15,36.192
28-08-15,36.448
31-08-15,36.475
01-09-15,36.652
02-09-15,36.461
03-09-15,36.178
04-09-15,36.067
07-09-15,35.992
08-09-15,36.067
09-09-15,35.562
10-09-15,35.731
11-09-15,35.62
14-09-15,35.649
15-09-15,35.536
16-09-15,35.994
17-09-15,36.354
18-09-15,36.633
21-09-15,36.44
22-09-15,36.159
23-09-15,36.343
24-09-15,37.105
25-09-15,36.853
28-09-15,36.396
29-09-15,36.242
30-09-15,35.848
01-10-15,35.819
02-10-15,36.592
05-10-15,36.515
06-10-15,36.877
07-10-15,36.825
08-10-15,36.618
09-10-15,37.215
12-10-15,37.423
13-10-15,37.578
14-10-15,38.105
15-10-15,38.042
16-10-15,37.848
19-10-15,37.64
20-10-15,37.817
21-10-15,37.523
22-10-15,37.489
23-10-15,37.438
26-10-15,37.398
27-10-15,37.517
28-10-15,37.169
29-10-15,36.843
30-10-15,36.728
02-11-15,36.444
03-11-15,35.93
04-11-15,35.617
05-11-15,35.493
06-11-15,35.039
09-11-15,35.113
10-11-15,35.041
11-11-15,34.923
12-11-15,34.895
13-11-15,34.842
16-11-15,34.821
17-11-15,34.409
18-11-15,34.427
19-11-15,34.803
20-11-15,34.684
23-11-15,34.241
24-11-15,34.587
25-11-15,34.445
26-11-15,34.501
27-11-15,34.015
30-11-15,34.233
01-12-15,34.363
02-12-15,33.872
03-12-15,34.147
04-12-15,34.947
07-12-15,34.443
08-12-15,34.558
09-12-15,34.514
10-12-15,34.456
11-12-15,34.533
14-12-15,34.094
15-12-15,34.019
16-12-15,34.128
17-12-15,33.704
18-12-15,34.273
21-12-15,34.675
22-12-15,34.477
23-12-15,34.392
24-12-15,34.59
25-12-15,34.59
28-12-15,34.274
29-12-15,34.374
30-12-15,34.136
31-12-15,34.107
04-01-16,34.536
05-01-16,34.638
06-01-16,35.162
07-01-16,35.654
08-01-16,35.498
11-01-16,35.186
12-01-16,34.954
13-01-16,35.234
14-01-16,34.668
15-01-16,35.003
18-01-16,35.08
19-01-16,34.967
20-01-16,35.414
21-01-16,35.403
22-01-16,35.291
25-01-16,35.626
26-01-16,36.014
27-01-16,36.144
28-01-16,35.851
29-01-16,35.95
01-02-16,36.362
02-02-16,36.298
03-02-16,36.732
04-02-16,37.295
05-02-16,37.726
08-02-16,38.235
09-02-16,38.222
10-02-16,38.51
11-02-16,40.095
12-02-16,39.774
15-02-16,38.944
16-02-16,38.425
17-02-16,38.854
18-02-16,39.594
19-02-16,39.476
22-02-16,38.806
23-02-16,39.458
24-02-16,39.531
25-02-16,39.653
26-02-16,39.312
29-02-16,39.825
01-03-16,39.618
02-03-16,39.865
03-03-16,40.83
04-03-16,40.447
07-03-16,40.751
08-03-16,40.51
09-03-16,40.278
10-03-16,40.965
11-03-16,40.052
13-03-16,40.216
14-03-16,39.723
15-03-16,39.643
16-03-16,40.505
17-03-16,40.493
18-03-16,40.359
21-03-16,39.987
22-03-16,40.136
23-03-16,39.073
24-03-16,39.127
25-03-16,39.111
28-03-16,39.258
29-03-16,39.996
30-03-16,39.38
31-03-16,39.632
01-04-16,39.304
04-04-16,39.028
05-04-16,39.275
06-04-16,39.534
07-04-16,39.889
08-04-16,39.88
11-04-16,40.444
12-04-16,40.291
13-04-16,39.867
14-04-16,39.34
15-04-16,39.782
18-04-16,39.595
19-04-16,40.205
20-04-16,40.005
21-04-16,40.151
22-04-16,39.465
25-04-16,39.672
26-04-16,39.951
27-04-16,40.078
28-04-16,40.718
29-04-16,41.13
02-05-16,41.526
03-05-16,41.346
04-05-16,41.137
05-05-16,41.09
06-05-16,41.433
09-05-16,40.634
10-05-16,40.716
11-05-16,41.079
12-05-16,40.622
13-05-16,40.947
16-05-16,40.956
17-05-16,41.153
18-05-16,40.455
19-05-16,40.333
20-05-16,40.262
23-05-16,40.164
24-05-16,39.465
25-05-16,39.24
26-05-16,39.279
27-05-16,38.98
30-05-16,38.76
31-05-16,39.071
01-06-16,39.01
02-06-16,38.883
03-06-16,40.012
06-06-16,40.036
07-06-16,39.991
08-06-16,40.687
09-06-16,40.804
10-06-16,40.962
13-06-16,41.619
14-06-16,41.265
15-06-16,41.288
16-06-16,41.069
17-06-16,41.839
20-06-16,41.479
21-06-16,40.635
22-06-16,40.713
23-06-16,40.37
24-06-16,42.881
27-06-16,42.593
28-06-16,42.359
29-06-16,42.404
30-06-16,42.509
01-07-16,43.156
04-07-16,43.429
05-07-16,43.601
06-07-16,43.85
07-07-16,43.821
08-07-16,43.944
11-07-16,43.572
12-07-16,42.841
13-07-16,43.174
14-07-16,42.921
15-07-16,43.013
18-07-16,42.632
19-07-16,42.829
20-07-16,42.309
21-07-16,42.796
22-07-16,42.516
25-07-16,42.296
26-07-16,42.449
27-07-16,43.323
28-07-16,42.947
29-07-16,43.433
01-08-16,43.493
02-08-16,43.843
03-08-16,43.657
04-08-16,43.764
05-08-16,42.947
08-08-16,42.934
09-08-16,43.106
10-08-16,43.296
11-08-16,43.046
12-08-16,42.96
15-08-16,43.342
16-08-16,43.277
17-08-16,43.36
18-08-16,43.539
19-08-16,43.139
22-08-16,43.05
23-08-16,43.021
24-08-16,42.56
25-08-16,42.494
26-08-16,42.482
29-08-16,42.549
30-08-16,42.154
31-08-16,42.084
01-09-16,42.286
02-09-16,42.6
05-09-16,42.617
06-09-16,43.4
07-09-16,43.25
08-09-16,43.029
09-09-16,42.701
12-09-16,42.687
13-09-16,42.409
14-09-16,42.535
15-09-16,42.257
16-09-16,42.131
19-09-16,42.226
20-09-16,42.281
21-09-16,43.153
22-09-16,43.185
23-09-16,43.005
26-09-16,43.017
27-09-16,42.676
28-09-16,42.484
29-09-16,42.448
30-09-16,42.182
03-10-16,42.18
04-10-16,40.777
05-10-16,40.606
06-10-16,40.34
07-10-16,40.413
10-10-16,40.288
11-10-16,40.292
12-10-16,40.36
13-10-16,40.518
14-10-16,40.206
17-10-16,40.372
18-10-16,40.679
19-10-16,40.812
20-10-16,40.627
21-10-16,40.727
24-10-16,40.653
25-10-16,40.971
26-10-16,40.695
27-10-16,40.777
28-10-16,41.29
31-10-16,40.839
01-11-16,41.531
02-11-16,41.712
03-11-16,41.88
04-11-16,41.933
07-11-16,41.197
08-11-16,41.006
09-11-16,41.092
10-11-16,40.489
11-11-16,39.412
14-11-16,39.259
15-11-16,39.504
16-11-16,39.357
17-11-16,39.11
18-11-16,38.862
21-11-16,39.027
22-11-16,38.976
23-11-16,38.185
24-11-16,38.066
25-11-16,38.055
28-11-16,38.365
29-11-16,38.206
30-11-16,37.725
01-12-16,37.67
02-12-16,37.842
05-12-16,37.64
06-12-16,37.621
07-12-16,37.743
08-12-16,37.64
09-12-16,37.226
11-12-16,37.213
12-12-16,37.398
13-12-16,37.239
14-12-16,36.753
15-12-16,36.278
16-12-16,36.46
19-12-16,36.597
20-12-16,36.396
21-12-16,36.338
22-12-16,36.288
23-12-16,36.443
26-12-16,36.457
27-12-16,36.617
28-12-16,36.703
29-12-16,37.227
30-12-16,37.033
02-01-17,36.982
03-01-17,37.206
04-01-17,37.453
05-01-17,37.969
06-01-17,37.694
09-01-17,38.023
10-01-17,38.136
11-01-17,38.38
12-01-17,38.462
13-01-17,38.501
16-01-17,38.688
17-01-17,39.073
18-01-17,38.665
19-01-17,38.7
20-01-17,38.873
23-01-17,39.14
24-01-17,38.88
25-01-17,38.608
26-01-17,38.211
27-01-17,38.295
30-01-17,38.484
31-01-17,38.965
01-02-17,38.894
02-02-17,39.061
03-02-17,39.23
06-02-17,39.657
07-02-17,39.616
08-02-17,39.872
09-02-17,39.441
10-02-17,39.666
13-02-17,39.424
14-02-17,39.501
15-02-17,39.65
16-02-17,39.822
17-02-17,39.706
20-02-17,39.773
21-02-17,39.703
22-02-17,39.774
23-02-17,40.167
24-02-17,40.417
27-02-17,40.296
28-02-17,40.062
01-03-17,40.101
02-03-17,39.72
03-03-17,39.697
06-03-17,39.416
07-03-17,39.107
08-03-17,38.854
09-03-17,38.582
10-03-17,38.735
13-03-17,38.655
14-03-17,38.595
15-03-17,39.243
16-03-17,39.441
17-03-17,39.52
20-03-17,39.695
21-03-17,40.061
22-03-17,40.081
23-03-17,40.052
24-03-17,40.037
27-03-17,40.287
28-03-17,40.188
29-03-17,40.27
30-03-17,39.983
31-03-17,40.159
03-04-17,40.365
04-04-17,40.368
05-04-17,40.46
06-04-17,40.24
07-04-17,40.333
10-04-17,40.382
11-04-17,41.03
12-04-17,41.383
13-04-17,41.397
14-04-17,41.314
17-04-17,41.249
18-04-17,41.45
19-04-17,41.138
20-04-17,41.195
21-04-17,41.311
24-04-17,41.07
25-04-17,40.636
26-04-17,40.748
27-04-17,40.648
28-04-17,40.771
01-05-17,40.405
02-05-17,40.4
03-05-17,39.815
04-05-17,39.498
05-05-17,39.463
08-05-17,39.473
09-05-17,39.336
10-05-17,39.157
11-05-17,39.391
12-05-17,39.507
15-05-17,39.594
16-05-17,39.98
17-05-17,40.51
18-05-17,40.151
19-05-17,40.365
22-05-17,40.617
23-05-17,40.224
24-05-17,40.444
25-05-17,40.351
26-05-17,40.734
29-05-17,40.743
30-05-17,40.59
31-05-17,40.793
01-06-17,40.667
02-06-17,41.115
05-06-17,41.172
06-06-17,41.594
07-06-17,41.317
08-06-17,41.16
09-06-17,40.728
12-06-17,40.681
13-06-17,40.745
14-06-17,40.625
15-06-17,40.317
16-06-17,40.309
19-06-17,39.988
20-06-17,40.025
21-06-17,40.161
22-06-17,40.233
23-06-17,40.408
26-06-17,39.971
27-06-17,40.168
28-06-17,40.183
29-06-17,40.072
30-06-17,39.918
03-07-17,39.332
04-07-17,39.442
05-07-17,39.441
06-07-17,39.33
07-07-17,39.001
10-07-17,39.022
11-07-17,39.154
12-07-17,39.2
13-07-17,39.152
14-07-17,39.51
17-07-17,39.645
18-07-17,39.957
19-07-17,39.913
20-07-17,39.996
21-07-17,40.349
24-07-17,40.308
25-07-17,40.094
26-07-17,40.522
27-07-17,40.513
28-07-17,40.815
31-07-17,40.758
01-08-17,40.757
02-08-17,40.608
03-08-17,40.808
04-08-17,40.468
07-08-17,40.44
08-08-17,40.574
09-08-17,41.021
10-08-17,41.368
11-08-17,41.449
14-08-17,41.132
15-08-17,40.925
16-08-17,41.256
17-08-17,41.43
18-08-17,41.303
21-08-17,41.524
22-08-17,41.259
23-08-17,41.496
24-08-17,41.368
25-08-17,41.513
28-08-17,42.368
29-08-17,42.083
30-08-17,42.033
31-08-17,42.478
01-09-17,42.599
04-09-17,42.851
05-09-17,43.137
06-09-17,42.873
07-09-17,43.375
08-09-17,43.295
11-09-17,42.678
12-09-17,42.795
13-09-17,42.514
14-09-17,42.897
15-09-17,42.442
18-09-17,42.082
19-09-17,42.146
20-09-17,41.764
21-09-17,41.54
22-09-17,41.708
25-09-17,42.067
26-09-17,41.584
27-09-17,41.27
28-09-17,41.379
29-09-17,41.119
02-10-17,40.87
03-10-17,40.914
04-10-17,40.96
05-10-17,40.806
06-10-17,41.041
09-10-17,41.258
10-10-17,41.465
11-10-17,41.559
12-10-17,41.607
13-10-17,41.919
16-10-17,41.638
17-10-17,41.349
18-10-17,41.166
19-10-17,41.481
20-10-17,41.176
23-10-17,41.241
24-10-17,41.018
25-10-17,41.136
26-10-17,40.745
27-10-17,40.945
30-10-17,41.067
31-10-17,40.833
01-11-17,41.001
02-11-17,41.082
03-11-17,40.841
06-11-17,41.156
07-11-17,41.079
08-11-17,41.216
09-11-17,41.35
10-11-17,41.02
13-11-17,41.087
14-11-17,41.185
15-11-17,41.137
16-11-17,41.133
17-11-17,41.608
20-11-17,41.134
21-11-17,41.217
22-11-17,41.506
23-11-17,41.521
24-11-17,41.415
27-11-17,41.62
28-11-17,41.596
29-11-17,41.287
30-11-17,40.994
01-12-17,41.171
04-12-17,41.044
05-12-17,40.714
06-12-17,40.639
07-12-17,40.097
08-12-17,40.131
11-12-17,39.961
12-12-17,39.976
13-12-17,40.317
14-12-17,40.304
15-12-17,40.359
18-12-17,40.559
19-12-17,40.574
20-12-17,40.722
21-12-17,40.734
22-12-17,41.01
25-12-17,40.951
26-12-17,41.223
27-12-17,41.4
28-12-17,41.609
29-12-17,41.885
02-01-23,58.711
03-01-23,59.059
04-01-23,59.629
05-01-23,58.923
06-01-23,59.997
09-01-23,60.177
10-01-23,60.344
11-01-23,60.307
12-01-23,60.989
13-01-23,61.743
16-01-23,61.589
17-01-23,61.366
18-01-23,61.22
19-01-23,62.125
20-01-23,61.925
23-01-23,62.093
24-01-23,62.288
25-01-23,62.578
26-01-23,62.03
27-01-23,61.986
30-01-23,61.833
31-01-23,61.988
01-02-23,62.705
02-02-23,61.491
03-02-23,59.992
06-02-23,60.048
07-02-23,60.139
08-02-23,60.307
09-02-23,59.851
10-02-23,59.977
13-02-23,59.601
14-02-23,59.618
15-02-23,59.029
16-02-23,59.047
17-02-23,59.242
20-02-23,59.197
21-02-23,58.991
22-02-23,58.683
23-02-23,58.591
24-02-23,58.227
27-02-23,58.429
28-02-23,58.731
01-03-23,59.052
02-03-23,59.024
03-03-23,59.651
06-03-23,59.379
07-03-23,58.301
08-03-23,58.318
09-03-23,58.865
10-03-23,60.035
13-03-23,61.518
14-03-23,61.208
15-03-23,61.686
16-03-23,61.706
17-03-23,63.919
20-03-23,63.621
21-03-23,62.389
22-03-23,63.331
23-03-23,64.098
03-04-23,63.8
04-04-23,64.952
05-04-23,64.965
06-04-23,64.552
07-04-23,64.548
10-04-23,64.016
11-04-23,64.417
12-04-23,64.781
13-04-23,65.595
14-04-23,64.443
17-04-23,64.14
18-04-23,64.47
19-04-23,64.131
20-04-23,64.448
21-04-23,63.761
24-04-23,63.95
25-04-23,64.209
26-04-23,63.959
27-04-23,63.913
28-04-23,63.973
01-05-23,63.734
02-05-23,64.838
03-05-23,65.566
04-05-23,65.903
05-05-23,64.844
08-05-23,64.997
09-05-23,65.414
10-05-23,65.269
11-05-23,64.79
12-05-23,64.657
15-05-23,64.828
16-05-23,63.943
17-05-23,63.722
18-05-23,62.936
19-05-23,63.589
22-05-23,63.392
23-05-23,63.505
24-05-23,62.933
25-05-23,62.391
26-05-23,62.587
29-05-23,62.477
30-05-23,62.996
31-05-23,63.098
01-06-23,63.58
02-06-23,62.632
05-06-23,63.07
06-06-23,63.125
07-06-23,62.371
08-06-23,63.194
09-06-23,63.039
12-06-23,62.939
13-06-23,62.489
14-06-23,62.393
15-06-23,62.951
16-06-23,62.946
19-06-23,62.706
20-06-23,62.25
21-06-23,62.132
22-06-23,61.53
23-06-23,61.765
26-06-23,61.833
27-06-23,61.528
28-06-23,61.326
29-06-23,61.352
30-06-23,61.714
03-07-23,61.781
04-07-23,61.92
05-07-23,61.571
06-07-23,61.441
07-07-23,61.919
10-07-23,61.901
11-07-23,62.125
12-07-23,62.931
13-07-23,63.03
14-07-23,62.878
17-07-23,62.848
18-07-23,63.619
19-07-23,63.563
20-07-23,63.331
21-07-23,63.079
24-07-23,62.847
25-07-23,63.177
26-07-23,63.414
27-07-23,62.542
28-07-23,62.991
31-07-23,63.196
01-08-23,62.511
02-08-23,62.205
03-08-23,62.182
04-08-23,62.463
07-08-23,62.261
08-08-23,61.899
09-08-23,61.564
10-08-23,61.484
11-08-23,61.531
14-08-23,61.332
15-08-23,61.145
16-08-23,60.833
17-08-23,60.745
18-08-23,60.75
21-08-23,60.743
22-08-23,61.016
23-08-23,61.584
24-08-23,61.626
25-08-23,61.566
28-08-23,61.735
29-08-23,62.29
30-08-23,62.454
31-08-23,62.373
01-09-23,62.377
04-09-23,62.325
05-09-23,61.925
06-09-23,61.619
07-09-23,61.717
08-09-23,61.701
11-09-23,61.806
12-09-23,61.523
13-09-23,61.354
14-09-23,61.429
15-09-23,61.851
18-09-23,62.167
19-09-23,62.096
20-09-23,62.066
21-09-23,61.73
22-09-23,61.903
25-09-23,61.599
26-09-23,61.11
27-09-23,60.283
28-09-23,59.955
29-09-23,59.429
02-10-23,58.768
03-10-23,58.609
04-10-23,58.556
05-10-23,58.524
06-10-23,58.919
09-10-23,59.85
10-10-23,59.815
11-10-23,60.254
12-10-23,60.089
13-10-23,62.072
16-10-23,61.736
17-10-23,61.833
18-10-23,62.626
19-10-23,63.471
20-10-23,63.698
23-10-23,63.429
24-10-23,63.374
25-10-23,63.65
26-10-23,63.819
27-10-23,64.518
30-10-23,64.177
31-10-23,63.784
01-11-23,63.733
02-11-23,63.847
03-11-23,64.064
06-11-23,63.593
07-11-23,63.311
08-11-23,62.7
09-11-23,62.968
10-11-23,62.308
13-11-23,62.57
14-11-23,63.115
15-11-23,62.995
16-11-23,63.704
17-11-23,63.684
20-11-23,63.588
21-11-23,64.25
22-11-23,63.973
23-11-23,64.071
24-11-23,64.379
27-11-23,64.759
28-11-23,65.618
29-11-23,65.722
30-11-23,65.464
01-12-23,66.62
04-12-23,65.241
05-12-23,64.918
06-12-23,65.119
07-12-23,65.216
08-12-23,64.447
11-12-23,63.714
12-12-23,63.642
13-12-23,65.185
14-12-23,65.471
15-12-23,64.935
18-12-23,65.176
19-12-23,65.595
20-12-23,65.311
21-12-23,65.778
22-12-23,66.006
25-12-23,66.093
26-12-23,66.486
27-12-23,66.787
28-12-23,66.408
29-12-23,66.323
03-01-22,58.0
04-01-22,58.318
05-01-22,58.202
06-01-22,57.596
07-01-22,57.755
10-01-22,57.92
11-01-22,58.542
12-01-22,58.686
13-01-22,58.552
14-01-22,58.431
17-01-22,58.489
18-01-22,58.332
19-01-22,59.112
20-01-22,59.126
21-01-22,58.984
24-01-22,59.272
25-01-22,59.469
26-01-22,58.578
27-01-22,57.785
28-01-22,57.618
31-01-22,57.804
01-02-22,57.899
02-02-22,58.113
03-02-22,58.057
04-02-22,58.127
07-02-22,58.582
08-02-22,58.707
09-02-22,58.924
10-02-22,58.736
11-02-22,59.759
14-02-22,60.159
15-02-22,59.578
16-02-22,60.117
17-02-22,61.089
18-02-22,61.001
21-02-22,61.393
22-02-22,61.03
23-02-22,61.435
24-02-22,61.293
25-02-22,60.739
28-02-22,61.292
01-03-22,62.45
02-03-22,62.022
03-03-22,62.21
04-03-22,63.359
07-03-22,64.278
08-03-22,65.716
09-03-22,63.983
10-03-22,64.16
11-03-22,63.915
14-03-22,62.77
15-03-22,61.672
16-03-22,61.953
17-03-22,62.475
18-03-22,61.777
21-03-22,62.227
22-03-22,61.765
23-03-22,62.568
24-03-22,62.993
25-03-22,62.928
28-03-22,61.863
29-03-22,61.61
30-03-22,62.179
31-03-22,62.269
01-04-22,61.883
04-04-22,62.102
05-04-22,61.751
06-04-22,61.862
07-04-22,62.15
08-04-22,62.616
11-04-22,62.79
12-04-22,63.209
13-04-22,63.586
14-04-22,63.442
15-04-22,63.463
18-04-22,63.573
19-04-22,62.689
20-04-22,62.917
21-04-22,62.727
22-04-22,62.114
25-04-22,61.072
26-04-22,61.299
27-04-22,60.627
28-04-22,60.945
29-04-22,60.998
02-05-22,59.906
03-05-22,60.072
04-05-22,60.896
05-05-22,60.277
06-05-22,60.567
09-05-22,59.631
10-05-22,58.953
11-05-22,59.607
12-05-22,58.55
13-05-22,58.228
16-05-22,58.642
17-05-22,58.357
18-05-22,58.405
19-05-22,59.218
20-05-22,59.371
23-05-22,59.591
24-05-22,60.01
25-05-22,59.585
26-05-22,59.495
27-05-22,59.597
30-05-22,59.688
31-05-22,59.083
01-06-22,59.36
02-06-22,60.103
03-06-22,59.514
06-06-22,59.187
07-06-22,59.551
08-06-22,59.608
09-06-22,59.387
10-06-22,60.167
13-06-22,58.456
14-06-22,58.141
15-06-22,58.974
16-06-22,59.713
17-06-22,59.166
20-06-22,59.119
21-06-22,58.933
22-06-22,59.083
23-06-22,58.604
24-06-22,58.756
27-06-22,58.598
28-06-22,58.511
29-06-22,58.44
30-06-22,58.106
01-07-22,58.164
04-07-22,58.141
05-07-22,56.752
06-07-22,55.907
07-07-22,55.943
08-07-22,56.018
11-07-22,55.75
12-07-22,55.495
13-07-22,55.798
14-07-22,54.975
15-07-22,54.89
18-07-22,54.955
19-07-22,55.033
20-07-22,54.55
21-07-22,55.257
22-07-22,55.539
25-07-22,55.289
26-07-22,55.215
27-07-22,55.752
28-07-22,56.45
29-07-22,56.783
01-08-22,56.978
02-08-22,56.594
03-08-22,56.755
04-08-22,57.582
05-08-22,57.067
08-08-22,57.518
09-08-22,57.685
10-08-22,57.624
11-08-22,57.55
12-08-22,57.932
15-08-22,57.219
16-08-22,57.093
17-08-22,56.64
18-08-22,56.548
19-08-22,56.167
22-08-22,55.823
23-08-22,56.203
24-08-22,56.307
25-08-22,56.55
26-08-22,55.872
29-08-22,55.888
30-08-22,55.434
31-08-22,55.006
01-09-22,54.544
02-09-22,55.058
05-09-22,54.997
06-09-22,54.704
07-09-22,55.245
08-09-22,54.9
09-09-22,55.213
12-09-22,55.45
13-09-22,54.714
14-09-22,54.532
15-09-22,53.518
16-09-22,53.86
19-09-22,53.885
20-09-22,53.525
21-09-22,53.827
22-09-22,53.733
23-09-22,52.853
26-09-22,52.151
27-09-22,52.374
28-09-22,53.36
29-09-22,53.396
30-09-22,53.399
03-10-22,54.65
04-10-22,55.508
05-10-22,55.171
06-10-22,55.064
07-10-22,54.489
10-10-22,53.644
11-10-22,53.567
12-10-22,53.796
13-10-22,53.573
14-10-22,52.86
17-10-22,53.062
18-10-22,53.122
19-10-22,52.376
20-10-22,52.345
21-10-22,53.293
24-10-22,53.043
25-10-22,53.151
26-10-22,53.521
27-10-22,53.477
28-10-22,52.879
31-10-22,52.512
01-11-22,52.968
02-11-22,52.592
03-11-22,52.38
04-11-22,54.052
07-11-22,53.866
08-11-22,55.074
09-11-22,54.871
10-11-22,56.422
11-11-22,56.932
14-11-22,56.932
15-11-22,57.186
16-11-22,57.01
17-11-22,56.588
18-11-22,56.297
21-11-22,55.865
22-11-22,55.948
23-11-22,56.276
24-11-22,56.46
25-11-22,56.412
28-11-22,55.978
29-11-22,56.229
30-11-22,56.843
01-12-22,57.977
02-12-22,57.805
05-12-22,56.829
06-12-22,56.938
07-12-22,57.412
08-12-22,57.533
09-12-22,57.786
12-12-22,57.267
13-12-22,58.228
14-12-22,58.103
15-12-22,57.128
16-12-22,57.65
19-12-22,57.466
20-12-22,58.437
21-12-22,58.324
22-12-22,57.601
23-12-22,57.826
26-12-22,58.106
27-12-22,58.29
28-12-22,58.006
29-12-22,58.231
30-12-22,58.638
01-01-21,61.03
04-01-21,62.432
05-01-21,62.706
06-01-21,61.865
07-01-21,61.623
08-01-21,59.451
11-01-21,59.393
12-01-21,59.711
13-01-21,59.421
14-01-21,59.39
15-01-21,58.759
18-01-21,59.07
19-01-21,59.192
20-01-21,60.123
21-01-21,60.112
22-01-21,59.673
25-01-21,59.657
26-01-21,59.528
27-01-21,59.15
28-01-21,59.286
29-01-21,59.289
01-02-21,59.732
02-02-21,59.052
03-02-21,58.976
04-02-21,57.727
05-02-21,58.277
08-02-21,58.855
09-02-21,59.036
10-02-21,59.225
11-02-21,58.734
12-02-21,58.668
15-02-21,58.474
16-02-21,57.504
17-02-21,57.172
18-02-21,57.014
19-02-21,57.341
22-02-21,58.212
23-02-21,58.064
24-02-21,57.971
25-02-21,56.929
26-02-21,55.775
01-03-21,55.447
02-03-21,55.838
03-03-21,54.984
04-03-21,54.478
05-03-21,54.69
08-03-21,54.168
09-03-21,55.166
10-03-21,55.518
11-03-21,55.389
12-03-21,55.528
15-03-21,55.637
16-03-21,55.669
17-03-21,56.219
18-03-21,55.805
19-03-21,56.113
22-03-21,55.928
23-03-21,55.531
24-03-21,55.77
25-03-21,55.543
26-03-21,55.705
29-03-21,55.043
30-03-21,54.192
31-03-21,54.898
01-04-21,55.636
02-04-21,55.64
05-04-21,55.602
06-04-21,56.053
07-04-21,55.844
08-04-21,56.403
09-04-21,56.067
12-04-21,55.69
13-04-21,56.156
14-04-21,55.835
15-04-21,56.711
16-04-21,57.141
19-04-21,56.976
20-04-21,57.121
21-04-21,57.677
22-04-21,57.332
23-04-21,57.135
26-04-21,57.238
27-04-21,57.084
28-04-21,57.357
29-04-21,57.015
30-04-21,56.872
03-05-21,57.636
04-05-21,57.183
05-05-21,57.402
06-05-21,58.349
07-05-21,58.882
10-05-21,59.024
11-05-21,59.016
12-05-21,58.439
13-05-21,58.686
14-05-21,59.283
17-05-21,60.091
18-05-21,60.129
19-05-21,59.98
20-05-21,60.253
21-05-21,60.507
24-05-21,60.363
25-05-21,61.031
26-05-21,60.957
27-05-21,61.022
28-05-21,61.224
31-05-21,61.348
01-06-21,61.051
02-06-21,61.34
03-06-21,60.158
04-06-21,60.805
07-06-21,61.053
08-06-21,60.877
09-06-21,60.726
10-06-21,61.035
11-06-21,60.343
14-06-21,60.016
15-06-21,59.734
16-06-21,58.478
17-06-21,57.123
18-06-21,56.727
21-06-21,57.34
22-06-21,57.168
23-06-21,57.146
24-06-21,57.08
25-06-21,57.27
28-06-21,57.171
29-06-21,56.62
30-06-21,56.851
01-07-21,57.092
02-07-21,57.471
05-07-21,57.596
06-07-21,57.72
07-07-21,57.983
08-07-21,57.993
09-07-21,58.146
12-07-21,58.104
13-07-21,58.067
14-07-21,58.724
15-07-21,58.824
16-07-21,58.268
19-07-21,58.238
20-07-21,58.186
21-07-21,57.962
22-07-21,58.106
23-07-21,57.945
26-07-21,57.798
27-07-21,57.873
28-07-21,58.177
29-07-21,58.842
30-07-21,58.31
02-08-21,58.278
03-08-21,58.231
04-08-21,58.249
05-08-21,57.986
06-08-21,56.704
09-08-21,55.671
10-08-21,55.539
11-08-21,56.34
12-08-21,56.378
13-08-21,57.207
16-08-21,57.473
17-08-21,57.428
18-08-21,57.472
19-08-21,57.198
20-08-21,57.285
23-08-21,58.029
24-08-21,57.934
25-08-21,57.604
26-08-21,57.666
27-08-21,58.447
30-08-21,58.21
31-08-21,58.339
01-09-21,58.298
02-09-21,58.178
03-09-21,58.754
06-09-21,58.633
07-09-21,57.735
08-09-21,57.576
09-09-21,57.704
10-09-21,57.479
13-09-21,57.65
14-09-21,57.993
15-09-21,57.715
16-09-21,56.39
17-09-21,56.398
20-09-21,56.751
21-09-21,57.07
22-09-21,56.811
23-09-21,56.128
24-09-21,56.258
27-09-21,56.305
28-09-21,55.791
29-09-21,55.586
30-09-21,56.364
01-10-21,56.618
04-10-21,56.847
05-10-21,56.567
06-10-21,56.715
07-10-21,56.431
08-10-21,56.487
11-10-21,56.371
12-10-21,56.6
13-10-21,57.609
14-10-21,57.712
15-10-21,56.831
18-10-21,56.714
19-10-21,56.868
20-10-21,57.284
21-10-21,57.386
22-10-21,57.629
25-10-21,58.126
26-10-21,57.666
27-10-21,57.765
28-10-21,57.862
29-10-21,57.341
01-11-21,57.612
02-11-21,57.456
03-11-21,57.138
04-11-21,57.595
05-11-21,58.444
08-11-21,58.662
09-11-21,58.835
10-11-21,59.44
11-11-21,59.88
12-11-21,59.947
15-11-21,59.878
16-11-21,59.49
17-11-21,60.016
18-11-21,59.781
19-11-21,59.35
22-11-21,58.164
23-11-21,57.567
24-11-21,57.536
25-11-21,57.614
26-11-21,57.633
29-11-21,57.451
30-11-21,57.018
01-12-21,57.289
02-12-21,56.879
03-12-21,57.339
06-12-21,57.261
07-12-21,57.379
08-12-21,57.348
09-12-21,57.108
10-12-21,57.329
13-12-21,57.415
14-12-21,56.988
15-12-21,57.221
16-12-21,57.833
17-12-21,57.813
20-12-21,57.594
21-12-21,57.566
22-12-21,57.992
23-12-21,58.155
24-12-21,58.141
27-12-21,58.265
28-12-21,58.085
29-12-21,58.02
30-12-21,58.381
31-12-21,58.806
01-01-20,48.818
02-01-20,49.156
03-01-20,49.906
05-01-20,50.452
06-01-20,50.278
07-01-20,51.288
08-01-20,50.087
09-01-20,49.921
10-01-20,50.221
12-01-20,50.133
13-01-20,49.683
14-01-20,49.821
15-01-20,50.039
16-01-20,49.907
17-01-20,50.068
19-01-20,50.064
20-01-20,50.197
21-01-20,50.041
22-01-20,50.202
23-01-20,50.188
24-01-20,50.527
26-01-20,50.863
27-01-20,50.835
28-01-20,50.431
29-01-20,50.708
30-01-20,50.644
31-01-20,51.1
02-02-20,51.107
03-02-20,50.765
04-02-20,49.964
05-02-20,50.03
06-02-20,50.345
07-02-20,50.49
09-02-20,50.631
10-02-20,50.543
11-02-20,50.387
12-02-20,50.467
13-02-20,50.717
14-02-20,50.923
16-02-20,50.898
17-02-20,50.934
18-02-20,51.472
19-02-20,51.779
20-02-20,52.158
21-02-20,52.844
23-02-20,53.557
24-02-20,53.171
25-02-20,52.735
26-02-20,52.846
27-02-20,52.906
28-02-20,51.005
01-03-20,51.001
02-03-20,51.191
03-03-20,52.913
04-03-20,52.614
05-03-20,53.842
06-03-20,53.837
08-03-20,54.651
09-03-20,53.583
10-03-20,53.126
11-03-20,52.837
12-03-20,50.7
13-03-20,49.168
15-03-20,50.1
16-03-20,48.458
17-03-20,49.441
18-03-20,48.185
19-03-20,47.309
20-03-20,48.174
22-03-20,47.974
23-03-20,50.381
24-03-20,52.547
25-03-20,51.8
26-03-20,52.287
27-03-20,52.196
29-03-20,52.32
30-03-20,51.978
31-03-20,50.764
01-04-20,51.187
02-04-20,51.869
03-04-20,52.024
05-04-20,52.056
06-04-20,53.482
07-04-20,53.002
08-04-20,52.971
09-04-20,54.135
10-04-20,54.296
12-04-20,54.269
13-04-20,55.226
14-04-20,55.494
15-04-20,55.185
16-04-20,55.155
17-04-20,54.166
20-04-20,54.37
21-04-20,54.266
22-04-20,55.033
23-04-20,55.578
24-04-20,55.59
26-04-20,55.469
27-04-20,54.966
28-04-20,54.811
29-04-20,55.113
30-04-20,54.278
01-05-20,54.669
03-05-20,54.647
04-05-20,54.782
05-05-20,54.786
06-05-20,54.338
07-05-20,55.122
08-05-20,54.727
11-05-20,54.592
12-05-20,54.727
13-05-20,55.261
14-05-20,55.713
15-05-20,56.017
17-05-20,56.537
18-05-20,55.783
19-05-20,56.142
20-05-20,56.18
21-05-20,55.503
22-05-20,55.796
24-05-20,55.653
25-05-20,55.525
26-05-20,55.07
27-05-20,55.01
28-05-20,55.327
29-05-20,55.611
31-05-20,55.937
01-06-20,56.003
02-06-20,55.523
03-06-20,54.679
04-06-20,55.072
05-06-20,54.138
07-06-20,54.068
08-06-20,54.576
09-06-20,55.084
10-06-20,55.802
11-06-20,55.526
12-06-20,55.629
14-06-20,55.701
15-06-20,55.449
16-06-20,55.513
17-06-20,55.551
18-06-20,55.414
19-06-20,56.059
21-06-20,56.243
22-06-20,56.441
23-06-20,56.877
24-06-20,56.658
25-06-20,56.774
26-06-20,56.946
28-06-20,56.952
29-06-20,57.006
30-06-20,57.337
01-07-20,56.857
02-07-20,57.093
03-07-20,57.077
05-07-20,57.085
06-07-20,57.418
07-07-20,57.695
08-07-20,58.166
09-07-20,58.003
10-07-20,57.846
12-07-20,57.88
13-07-20,57.955
14-07-20,58.18
15-07-20,58.295
16-07-20,57.821
17-07-20,58.194
20-07-20,58.458
21-07-20,59.254
22-07-20,60.129
23-07-20,60.626
24-07-20,61.138
26-07-20,61.531
27-07-20,63.192
28-07-20,62.889
29-07-20,63.224
30-07-20,62.921
31-07-20,63.52
02-08-20,63.727
03-08-20,63.516
04-08-20,65.261
05-08-20,65.459
06-08-20,66.529
07-08-20,65.433
09-08-20,65.179
10-08-20,65.213
11-08-20,61.386
12-08-20,61.801
13-08-20,62.935
14-08-20,62.51
16-08-20,62.291
17-08-20,63.779
18-08-20,64.476
19-08-20,61.973
20-08-20,62.75
21-08-20,62.379
23-08-20,62.215
24-08-20,62.055
25-08-20,62.044
26-08-20,62.812
27-08-20,61.992
28-08-20,63.168
30-08-20,63.452
31-08-20,63.266
01-09-20,63.42
02-09-20,62.528
03-09-20,62.036
04-09-20,62.164
06-09-20,62.198
07-09-20,62.078
08-09-20,62.068
09-09-20,62.611
10-09-20,62.5
11-09-20,62.386
13-09-20,62.463
14-09-20,62.932
15-09-20,62.82
16-09-20,63.011
17-09-20,62.602
18-09-20,62.706
20-09-20,62.649
21-09-20,61.64
22-09-20,61.228
23-09-20,59.64
24-09-20,60.057
25-09-20,59.843
27-09-20,59.888
28-09-20,60.522
29-09-20,60.996
30-09-20,60.694
01-10-20,61.207
02-10-20,61.075
05-10-20,61.485
06-10-20,60.449
07-10-20,60.671
08-10-20,60.935
09-10-20,62.061
12-10-20,61.887
13-10-20,60.871
14-10-20,61.034
15-10-20,61.294
16-10-20,61.063
19-10-20,61.187
20-10-20,61.436
21-10-20,61.777
22-10-20,61.25
23-10-20,61.142
26-10-20,61.161
27-10-20,61.257
28-10-20,60.431
29-10-20,60.078
30-10-20,60.408
02-11-20,60.927
03-11-20,61.547
04-11-20,61.244
05-11-20,62.554
06-11-20,62.741
09-11-20,60.14
10-11-20,60.337
11-11-20,59.97
12-11-20,60.314
13-11-20,60.748
16-11-20,60.745
17-11-20,60.525
18-11-20,60.177
19-11-20,59.903
20-11-20,60.148
23-11-20,59.055
24-11-20,58.162
25-11-20,58.14
26-11-20,58.171
27-11-20,57.519
30-11-20,57.189
01-12-20,58.235
02-12-20,58.864
03-12-20,59.158
04-12-20,59.134
07-12-20,59.932
08-12-20,60.131
09-12-20,58.974
10-12-20,59.053
11-12-20,59.15
14-12-20,58.758
15-12-20,59.559
16-12-20,59.944
17-12-20,60.579
18-12-20,60.484
21-12-20,60.416
22-12-20,59.941
23-12-20,60.205
24-12-20,60.213
25-12-20,60.213
28-12-20,60.35
29-12-20,60.403
30-12-20,60.928
31-12-20,61.03
02-01-19,41.343
03-01-19,41.643
04-01-19,41.313
07-01-19,41.44
08-01-19,41.326
09-01-19,41.571
10-01-19,41.412
11-01-19,41.395
14-01-19,41.526
15-01-19,41.465
16-01-19,41.571
17-01-19,41.551
18-01-19,41.205
21-01-19,41.148
22-01-19,41.298
23-01-19,41.273
24-01-19,41.198
25-01-19,41.887
28-01-19,41.924
29-01-19,42.144
30-01-19,42.417
31-01-19,42.474
01-02-19,42.368
04-02-19,42.175
05-02-19,42.28
06-02-19,42.012
07-02-19,42.131
08-02-19,42.251
11-02-19,42.047
12-02-19,42.134
13-02-19,42.044
14-02-19,42.182
15-02-19,42.482
18-02-19,42.647
19-02-19,43.072
20-02-19,43.101
21-02-19,42.629
22-02-19,42.691
25-02-19,42.682
26-02-19,42.735
27-02-19,42.478
28-02-19,42.257
01-03-19,41.592
04-03-19,41.383
05-03-19,41.411
06-03-19,41.388
07-03-19,41.348
08-03-19,41.743
11-03-19,41.559
12-03-19,41.862
13-03-19,42.103
14-03-19,41.67
15-03-19,41.865
18-03-19,41.908
19-03-19,41.997
20-03-19,42.295
21-03-19,42.074
22-03-19,42.226
25-03-19,42.497
26-03-19,42.327
27-03-19,42.1
28-03-19,41.527
29-03-19,41.543
01-04-19,41.392
02-04-19,41.534
03-04-19,41.539
04-04-19,41.546
05-04-19,41.522
08-04-19,41.735
09-04-19,41.932
10-04-19,42.058
11-04-19,41.549
12-04-19,41.491
15-04-19,41.426
16-04-19,41.046
17-04-19,40.969
18-04-19,41.014
19-04-19,41.014
22-04-19,40.984
23-04-19,40.88
24-04-19,40.986
25-04-19,41.112
26-04-19,41.353
29-04-19,41.171
30-04-19,41.258
01-05-19,41.061
02-05-19,40.859
03-05-19,41.118
06-05-19,41.247
07-05-19,41.311
08-05-19,41.199
09-05-19,41.274
10-05-19,41.337
13-05-19,41.842
14-05-19,41.71
15-05-19,41.685
16-05-19,41.345
17-05-19,41.073
20-05-19,41.073
21-05-19,40.984
22-05-19,40.972
23-05-19,41.29
24-05-19,41.314
27-05-19,41.341
28-05-19,41.152
29-05-19,41.152
30-05-19,41.483
31-05-19,41.973
03-06-19,42.607
04-06-19,42.614
05-06-19,42.794
06-06-19,42.876
07-06-19,43.101
10-06-19,42.741
11-06-19,42.687
12-06-19,42.877
13-06-19,43.23
14-06-19,43.132
17-06-19,43.075
18-06-19,43.26
19-06-19,43.658
20-06-19,44.725
21-06-19,44.989
24-06-19,45.828
25-06-19,45.614
26-06-19,45.362
27-06-19,45.372
28-06-19,45.325
30-06-19,44.764
01-07-19,44.547
02-07-19,46.02
03-07-19,45.605
04-07-19,45.686
05-07-19,44.984
07-07-19,44.876
08-07-19,44.832
09-07-19,44.863
10-07-19,45.722
11-07-19,45.14
12-07-19,45.504
14-07-19,45.534
15-07-19,45.513
16-07-19,45.183
17-07-19,45.812
18-07-19,46.394
19-07-19,45.821
21-07-19,45.818
22-07-19,45.775
23-07-19,45.561
24-07-19,45.828
25-07-19,45.499
26-07-19,45.601
28-07-19,45.66
29-07-19,45.801
30-07-19,46.005
31-07-19,45.401
01-08-19,46.241
02-08-19,46.318
04-08-19,46.285
05-08-19,47.393
06-08-19,47.487
07-08-19,48.274
08-08-19,48.366
09-08-19,48.141
11-08-19,48.265
12-08-19,48.619
13-08-19,48.26
14-08-19,48.772
15-08-19,49.037
16-08-19,48.663
18-08-19,48.532
19-08-19,48.108
20-08-19,48.428
21-08-19,48.313
22-08-19,48.149
23-08-19,49.084
25-08-19,49.754
26-08-19,49.147
27-08-19,49.622
28-08-19,49.477
29-08-19,49.144
30-08-19,48.886
01-09-19,49.166
02-09-19,49.073
03-09-19,49.811
04-09-19,49.879
05-09-19,48.819
06-09-19,48.427
08-09-19,48.413
09-09-19,48.136
10-09-19,47.815
11-09-19,48.003
12-09-19,48.16
13-09-19,47.86
16-09-19,48.159
17-09-19,48.253
18-09-19,47.943
19-09-19,48.216
20-09-19,48.763
22-09-19,48.691
23-09-19,48.899
24-09-19,49.248
25-09-19,48.436
26-09-19,48.438
27-09-19,48.133
29-09-19,48.108
30-09-19,47.381
01-10-19,47.641
02-10-19,48.229
03-10-19,48.496
04-10-19,48.371
06-10-19,48.494
07-10-19,47.973
08-10-19,48.509
09-10-19,48.695
10-10-19,48.036
11-10-19,47.87
13-10-19,47.737
14-10-19,47.948
15-10-19,47.648
16-10-19,47.909
17-10-19,47.998
18-10-19,47.91
21-10-19,47.719
22-10-19,47.87
23-10-19,47.975
24-10-19,48.316
25-10-19,48.368
28-10-19,47.963
29-10-19,47.821
30-10-19,48.077
31-10-19,48.62
01-11-19,48.673
03-11-19,48.641
04-11-19,48.445
05-11-19,47.722
06-11-19,47.915
07-11-19,47.223
08-11-19,46.905
10-11-19,46.977
11-11-19,46.804
12-11-19,46.892
13-11-19,47.057
14-11-19,47.239
15-11-19,47.149
17-11-19,47.235
18-11-19,47.32
19-11-19,47.406
20-11-19,47.407
21-11-19,47.106
22-11-19,47.016
24-11-19,46.956
25-11-19,46.744
26-11-19,46.961
27-11-19,46.847
28-11-19,46.816
29-11-19,47.067
01-12-19,47.003
02-12-19,47.029
03-12-19,47.481
04-12-19,47.442
05-12-19,47.456
06-12-19,46.944
08-12-19,46.942
09-12-19,46.979
10-12-19,47.069
11-12-19,47.412
12-12-19,47.105
13-12-19,47.443
15-12-19,47.397
16-12-19,47.435
17-12-19,47.445
18-12-19,47.449
19-12-19,47.535
20-12-19,47.524
22-12-19,47.538
23-12-19,47.762
24-12-19,48.167
25-12-19,48.211
26-12-19,48.584
27-12-19,48.582
29-12-19,48.662
30-12-19,48.709
31-12-19,48.781
01-01-18,42.016
02-01-18,42.452
03-01-18,42.154
04-01-18,42.471
05-01-18,42.429
08-01-18,42.387
09-01-18,42.13
10-01-18,42.37
11-01-18,42.532
12-01-18,43.009
15-01-18,43.135
16-01-18,43.11
17-01-18,42.716
18-01-18,42.697
19-01-18,42.813
22-01-18,42.864
23-01-18,43.145
24-01-18,43.604
25-01-18,43.298
26-01-18,43.414
29-01-18,43.119
30-01-18,43.038
31-01-18,43.252
01-02-18,43.351
02-02-18,42.86
05-02-18,43.104
06-02-18,42.613
07-02-18,42.413
08-02-18,42.505
09-02-18,42.324
12-02-18,42.522
13-02-18,42.821
14-02-18,43.53
15-02-18,43.532
16-02-18,43.316
19-02-18,43.256
20-02-18,42.76
21-02-18,42.654
22-02-18,42.787
23-02-18,42.724
26-02-18,42.834
27-02-18,42.36
28-02-18,42.358
01-03-18,42.347
02-03-18,42.52
05-03-18,42.472
06-03-18,43.065
07-03-18,42.586
08-03-18,42.471
09-03-18,42.55
12-03-18,42.603
13-03-18,42.645
14-03-18,42.61
15-03-18,42.308
16-03-18,42.244
19-03-18,42.347
20-03-18,42.122
21-03-18,42.828
22-03-18,42.852
23-03-18,43.312
26-03-18,43.5
27-03-18,43.255
28-03-18,42.651
29-03-18,42.615
30-03-18,42.465
02-04-18,43.137
03-04-18,42.867
04-04-18,42.873
05-04-18,42.786
06-04-18,42.864
09-04-18,42.973
10-04-18,43.143
11-04-18,43.5
12-04-18,43.014
13-04-18,43.251
16-04-18,43.347
17-04-18,43.288
18-04-18,43.425
19-04-18,43.227
20-04-18,42.947
23-04-18,42.58
24-04-18,42.817
25-04-18,42.533
26-04-18,42.378
27-04-18,42.558
30-04-18,42.285
01-05-18,41.974
02-05-18,41.988
03-05-18,42.211
04-05-18,42.277
07-05-18,42.305
08-05-18,42.323
09-05-18,42.198
10-05-18,42.477
11-05-18,42.389
14-05-18,42.24
15-05-18,41.563
16-05-18,41.531
17-05-18,41.462
18-05-18,41.58
21-05-18,41.556
22-05-18,41.616
23-05-18,41.638
24-05-18,41.939
25-05-18,41.846
28-05-18,41.736
29-05-18,41.866
30-05-18,41.881
31-05-18,41.784
01-06-18,41.573
04-06-18,41.526
05-06-18,41.697
06-06-18,41.715
07-06-18,41.712
08-06-18,41.755
11-06-18,41.739
12-06-18,41.654
13-06-18,41.778
14-06-18,41.875
15-06-18,41.156
18-06-18,41.199
19-06-18,40.999
20-06-18,40.818
21-06-18,40.748
22-06-18,40.813
25-06-18,40.703
26-06-18,40.454
27-06-18,40.285
28-06-18,40.147
29-06-18,40.28
02-07-18,39.94
03-07-18,40.35
04-07-18,40.413
05-07-18,40.425
06-07-18,40.349
09-07-18,40.461
10-07-18,40.39
11-07-18,39.957
12-07-18,40.061
13-07-18,39.916
16-07-18,39.893
17-07-18,39.457
18-07-18,39.463
19-07-18,39.338
20-07-18,39.605
23-07-18,39.363
24-07-18,39.392
25-07-18,39.646
26-07-18,39.359
27-07-18,39.316
30-07-18,39.304
31-07-18,39.358
01-08-18,39.156
02-08-18,38.851
03-08-18,39.015
06-08-18,38.86
07-08-18,38.983
08-08-18,39.011
09-08-18,38.973
10-08-18,38.943
13-08-18,38.354
14-08-18,38.387
15-08-18,38.168
16-08-18,38.168
17-08-18,38.168
20-08-18,38.301
21-08-18,38.457
22-08-18,38.425
23-08-18,38.086
24-08-18,38.776
27-08-18,38.935
28-08-18,38.671
29-08-18,38.812
30-08-18,38.58
31-08-18,38.617
03-09-18,38.608
04-09-18,38.329
05-09-18,38.49
06-09-18,38.619
07-09-18,38.45
10-09-18,38.424
11-09-18,38.489
12-09-18,38.782
13-09-18,38.65
14-09-18,38.375
17-09-18,38.532
18-09-18,38.569
19-09-18,38.711
20-09-18,38.819
21-09-18,38.564
24-09-18,38.561
25-09-18,38.623
26-09-18,38.47
28-09-18,38.328
01-10-18,38.228
02-10-18,38.764
03-10-18,38.518
04-10-18,38.554
05-10-18,38.674
08-10-18,38.281
09-10-18,38.258
10-10-18,38.394
11-10-18,39.265
12-10-18,39.163
15-10-18,39.445
16-10-18,39.385
17-10-18,39.298
18-10-18,39.414
19-10-18,39.432
22-10-18,39.298
23-10-18,39.578
24-10-18,39.712
25-10-18,39.605
26-10-18,39.664
29-10-18,39.552
30-10-18,39.309
31-10-18,39.101
01-11-18,39.645
02-11-18,39.643
05-11-18,39.587
06-11-18,39.475
07-11-18,39.422
08-11-18,39.326
09-11-18,38.891
12-11-18,38.654
13-11-18,38.681
14-11-18,38.939
15-11-18,39.032
16-11-18,39.266
19-11-18,39.358
20-11-18,39.28
21-11-18,39.412
22-11-18,39.464
23-11-18,39.326
26-11-18,39.309
27-11-18,39.05
28-11-18,39.259
29-11-18,39.364
30-11-18,39.299
03-12-18,39.587
04-12-18,39.828
05-12-18,39.811
06-12-18,39.79
07-12-18,40.145
10-12-18,40.002
11-12-18,39.971
12-12-18,40.066
13-12-18,39.949
14-12-18,39.821
17-12-18,40.057
18-12-18,40.172
19-12-18,40.006
20-12-18,40.574
21-12-18,40.374
24-12-18,40.806
25-12-18,40.749
26-12-18,40.809
27-12-18,40.985
28-12-18,41.18
31-12-18,41.245
